omeka_000464.xml,1_01_02.tif 1_01_03.tif 1_01_01.tif
omeka_000465.xml,1_14_01.tif 1_14_02.tif 1_14_03.tif 1_14_04.tif 1_14_05.tif 1_14_06.tif 1_14_07.tif 1_14_08.tif 1_14_09.tif 1_14_10.tif 1_14_11.tif 1_14_12.tif 1_14_13.tif 1_14_14.tif
omeka_000468.xml,1_15_01.tif 1_15_02.tif 1_15_03.tif 1_15_04.tif 1_15_05.tif 1_15_06.tif
omeka_000469.xml,1_02_01.tif 1_02_02.tif
omeka_000470.xml,1_04_01.tif 1_04_02.tif 1_04_03.tif 1_04_04.tif 1_04_05.tif 1_04_06.tif
omeka_000471.xml,1_06_01.tif 1_06_02.tif
omeka_000472.xml,1_13_01.tif 1_13_02.tif
omeka_000473.xml,1_07_01.tif
omeka_000474.xml,1_08_01.tif
omeka_000475.xml,1_09_01.tif
omeka_000476.xml,1_10_01.tif 1_10_02.tif 1_10_03.tif 1_10_04.tif
omeka_000477.xml,1_11_01.tif
omeka_000478.xml,1_12_01.tif 1_12_02.tif 1_12_03.tif
omeka_000481.xml,1_03_01.tif 1_03_02.tif
omeka_000483.xml,1_05_01.tif 1_05_02.tif
omeka_000485.xml,2_01_01.tif
omeka_000486.xml,2_02_01.tif
omeka_000487.xml,2_03_01.tif
omeka_000488.xml,2_04_01.tif 2_04_04.tif 2_04_02.tif 2_04_07.tif 2_04_08.tif 2_04_03.tif 2_04_06.tif 2_04_05.tif
omeka_000500.xml,2_07_01.tif 2_08_01.tif 2_06_01.tif 2_06_02.tif 2_06_03.tif 2_06_04.tif
omeka_000503.xml,2_01_02.tif
omeka_000505.xml,2_05_01.tif
omeka_000512.xml,2_09_01.tif 2_09_02.tif
omeka_000515.xml,2_10_01.tif 2_10_02.tif
omeka_000516.xml,2_11_01.tif
omeka_000517.xml,2_12_01.tif
omeka_000518.xml,2_13_01.tif
omeka_000519.xml,2_14_01.tif
omeka_000521.xml,2_15_01.tif 2_15_02.tif
omeka_000677.xml,2_16_01.tif
omeka_000678.xml,2_17_01.tif
omeka_000679.xml,2_18_02.tif 2_18_01.tif
omeka_000681.xml,2_19_01.tif
omeka_000682.xml,2_20_01.tif
omeka_000683.xml,2_21_01.tif
omeka_000684.xml,2_22_01.tif
omeka_000685.xml,3_01_01.tif
omeka_000686.xml,3_02_01.tif 3_02_02.tif
omeka_000689.xml,3_03_01.tif 3_03_03.tif 3_03_02.tif
omeka_000691.xml,3_04_01.tif
omeka_000692.xml,3_05_01.tif
omeka_000693.xml,3_05_02.tif
omeka_000694.xml,3_05_03.tif
omeka_000695.xml,3_06_01.tif
omeka_000696.xml,3_07_01.tif
omeka_000697.xml,3_08_01.tif
omeka_000698.xml,3_09_01.tif
omeka_000699.xml,3_10_02.tif 3_10_01.tif
omeka_000701.xml,3_11_02.tif 3_11_01.tif
omeka_000703.xml,3_12_02.tif 3_12_03.tif 3_12_01.tif
omeka_000706.xml,3_13_01.tif 3_13_03.tif 3_13_02.tif
omeka_000707.xml,3_14_01.tif
omeka_000718.xml,3_16_01.tif 3_16_02.tif 3_16_03.tif
omeka_000719.xml,3_17_01.tif
omeka_000720.xml,4_01_01.tif
omeka_000722.xml,4_03_01.tif
omeka_000723.xml,4_04_01.tif
omeka_000724.xml,4_05_04.tif 4_05_02.tif 4_05_03.tif 4_05_01.tif
omeka_000728.xml,4_06_01.tif
omeka_000729.xml,4_07_02.tif 4_07_03.tif 4_07_04.tif 4_07_01.tif
omeka_000733.xml,4_08_02.tif 4_08_01.tif
omeka_000735.xml,4_09_02.tif 4_09_01.tif
omeka_000737.xml,4_10_01.tif
omeka_000738.xml,4_11_05.tif 4_11_04.tif 4_11_02.tif 4_11_03.tif 4_11_01.tif
omeka_000743.xml,4_12_01.tif
omeka_000744.xml,4_13_02.tif 4_13_03.tif 4_13_04.tif 4_13_05.tif 4_13_01.tif
omeka_000749.xml,4_14_01.tif
omeka_000750.xml,4_15_01.tif
omeka_000751.xml,4_16_01.tif
omeka_000752.xml,4_17_02.tif 4_17_01.tif
omeka_000754.xml,4_18_01.tif
omeka_000755.xml,4_19_01.tif
omeka_000756.xml,4_19_02.tif
omeka_000757.xml,4_20_01.tif
omeka_000760.xml,4_22_01.tif
omeka_000761.xml,4_23_02.tif 4_23_01.tif
omeka_000763.xml,4_24_01.tif
omeka_000764.xml,5_01_01.tif
omeka_000765.xml,5_02_01.tif
omeka_000766.xml,5_02_02.tif
omeka_000767.xml,5_02_03.tif
omeka_000768.xml,5_02_04.tif
omeka_000769.xml,5_02_05.tif
omeka_000770.xml,5_02_06.tif
omeka_000771.xml,5_03_02.tif 5_03_01.tif
omeka_000773.xml,5_04_02.tif 5_04_01.tif
omeka_000775.xml,5_05_01.tif
omeka_000776.xml,5_05_02.tif
omeka_000777.xml,5_05_03.tif
omeka_000778.xml,5_06_02.tif 5_06_01.tif
omeka_000780.xml,5_07_01.tif
omeka_000781.xml,5_08_01.tif
omeka_000782.xml,5_08_02.tif
omeka_000783.xml,5_09_01.tif
omeka_000784.xml,5_10_01.tif
omeka_000785.xml,5_11_01.tif
omeka_000786.xml,5_12_01.tif
omeka_000787.xml,5_13_01.tif
omeka_000788.xml,5_14_01.tif
omeka_000789.xml,5_15_01.tif 5_15_02.tif
omeka_000791.xml,5_16_01.tif
omeka_000792.xml,5_17_02.tif 5_17_01.tif
omeka_000794.xml,5_18_01.tif
omeka_000795.xml,5_19_03.tif 5_19_02.tif 5_19_01.tif
omeka_000798.xml,5_20_01.tif
omeka_000799.xml,5_21_01.tif
omeka_000800.xml,5_22_01.tif
omeka_000801.xml,5_23_01.tif
omeka_000802.xml,5_23_02.tif
omeka_000803.xml,5_24_01.tif
omeka_000804.xml,5_24_02.tif
omeka_000805.xml,5_25_01.tif
omeka_000806.xml,5_25_02.tif
omeka_000807.xml,5_25_03.tif
omeka_000808.xml,5_25_04.tif
omeka_000809.xml,5_25_05.tif
omeka_000810.xml,5_26_01.tif
omeka_000811.xml,5_27_01.tif
omeka_000812.xml,5_28_01.tif
omeka_000813.xml,5_29_01.tif
omeka_000814.xml,5_29_02.tif
omeka_000815.xml,5_30_01.tif
omeka_000822.xml,5_31_01.tif 5_31_02.tif 5_31_03.tif 5_31_04.tif 5_31_05.tif 5_31_06.tif 5_31_07.tif
omeka_000828.xml,6_01_01.tif
omeka_000829.xml,6_02_01.tif
omeka_000830.xml,6_03_01.tif
omeka_000831.xml,6_04_01.tif
omeka_000832.xml,6_05_01.tif
omeka_000833.xml,6_05_02.tif
omeka_000834.xml,6_06_01.tif
omeka_000835.xml,6_07_01.tif
omeka_000836.xml,6_08_01.tif
omeka_000837.xml,6_09_01.tif
omeka_000838.xml,6_10_01.tif
omeka_000839.xml,6_11_01.tif
omeka_000840.xml,6_12_01.tif
omeka_000841.xml,6_13_01.tif
omeka_000842.xml,6_14_01.tif
omeka_000843.xml,6_15_01.tif
omeka_000844.xml,6_15_02.tif
omeka_000855.xml,3_15_01.tif 3_15_02.tif 3_15_03.tif 3_15_04.tif 3_15_05.tif 3_15_06.tif 3_15_07.tif 3_15_08.tif
omeka_004173.xml,4_02_01.tif
omeka_004174.xml,4_21_01.tif 4_21_02.tif